date,line_code,product_id,quantity,revenue_cny,yield_rate,data_label
2026-01-04,LINE-A01,SKU-1001,8678,128385.85,0.952,SYNTHETIC_GOERTEK_FIXTURE
2026-01-04,LINE-A02,SKU-1002,11215,153109.9,0.958,SYNTHETIC_GOERTEK_FIXTURE
2026-01-04,LINE-B01,SKU-1003,,168320.4,0.939,SYNTHETIC_GOERTEK_FIXTURE
2026-01-05,LINE-A01,SKU-1001,8388,114556.46,0.962,SYNTHETIC_GOERTEK_FIXTURE
2026-01-05,LINE-A02,SKU-1002,9956,150593.41,0.949,SYNTHETIC_GOERTEK_FIXTURE
2026-01-05,LINE-B01,,8549,108426.47,0.947,SYNTHETIC_GOERTEK_FIXTURE
2026-01-06,LINE-A01,SKU-1001,8146,106604.06,0.96,SYNTHETIC_GOERTEK_FIXTURE
2026-01-06,LINE-A02,SKU-1002,9356,,0.956,SYNTHETIC_GOERTEK_FIXTURE
2026-01-06,LINE-B01,SKU-1003,8211,117179.78,0.932,SYNTHETIC_GOERTEK_FIXTURE
2026-01-07,LINE-A01,SKU-1001,10178,153488.42,,SYNTHETIC_GOERTEK_FIXTURE
2026-01-07,LINE-A02,SKU-1002,11731,179033.57,0.955,SYNTHETIC_GOERTEK_FIXTURE
2026-01-07,LINE-B01,SKU-1003,8341,108231.55,0.936,SYNTHETIC_GOERTEK_FIXTURE
2026-01-08,,SKU-1001,10579,132267.57,0.956,SYNTHETIC_GOERTEK_FIXTURE
2026-01-08,LINE-A02,SKU-1002,8613,112147,0.932,SYNTHETIC_GOERTEK_FIXTURE
2026-01-08,LINE-B01,SKU-1003,12789,176447.8,,SYNTHETIC_GOERTEK_FIXTURE
2026-01-11,LINE-A01,SKU-1001,,160079.51,0.96,SYNTHETIC_GOERTEK_FIXTURE
2026-01-11,LINE-A02,SKU-1002,9076,126373.75,0.967,SYNTHETIC_GOERTEK_FIXTURE
2026-01-11,LINE-B01,SKU-1003,8721,116298.93,0.954,SYNTHETIC_GOERTEK_FIXTURE
2026-01-12,LINE-A01,SKU-1001,12748,176033.42,0.945,SYNTHETIC_GOERTEK_FIXTURE
2026-01-12,LINE-A02,SKU-1002,,151869.45,0.963,SYNTHETIC_GOERTEK_FIXTURE
2026-01-12,LINE-B01,SKU-1003,11135,158369.33,0.948,SYNTHETIC_GOERTEK_FIXTURE
2026-01-13,LINE-A01,SKU-1001,12383,168407.87,0.939,SYNTHETIC_GOERTEK_FIXTURE
2026-01-13,LINE-A02,,8799,118873.4,0.956,SYNTHETIC_GOERTEK_FIXTURE
2026-01-13,LINE-B01,SKU-1003,11217,143323.47,0.934,SYNTHETIC_GOERTEK_FIXTURE
2026-01-14,LINE-A01,SKU-1001,11878,,0.959,SYNTHETIC_GOERTEK_FIXTURE
2026-01-14,LINE-A02,SKU-1002,11291,161228.51,0.94,SYNTHETIC_GOERTEK_FIXTURE
2026-01-14,LINE-B01,SKU-1003,11046,160995.64,,SYNTHETIC_GOERTEK_FIXTURE
2026-01-15,LINE-A01,SKU-1001,12165,159017.57,0.965,SYNTHETIC_GOERTEK_FIXTURE
2026-01-15,LINE-A02,SKU-1002,12167,175089.47,0.955,SYNTHETIC_GOERTEK_FIXTURE
2026-01-15,,SKU-1003,10783,141108.35,0.944,SYNTHETIC_GOERTEK_FIXTURE
2026-01-18,LINE-A01,SKU-1001,10509,136668.16,0.952,SYNTHETIC_GOERTEK_FIXTURE
2026-01-18,LINE-A02,SKU-1002,12801,191266.79,,SYNTHETIC_GOERTEK_FIXTURE
2026-01-18,LINE-B01,SKU-1003,,114403.99,0.957,SYNTHETIC_GOERTEK_FIXTURE
2026-01-19,LINE-A01,SKU-1001,12959,164939.87,0.945,SYNTHETIC_GOERTEK_FIXTURE
2026-01-19,LINE-A02,SKU-1002,11204,156352.83,0.934,SYNTHETIC_GOERTEK_FIXTURE
2026-01-19,LINE-B01,SKU-1003,12291,157372.98,0.966,SYNTHETIC_GOERTEK_FIXTURE
2026-01-20,LINE-A01,SKU-1001,,164311.07,0.947,SYNTHETIC_GOERTEK_FIXTURE
2026-01-20,LINE-A02,SKU-1002,9954,140275.07,0.942,SYNTHETIC_GOERTEK_FIXTURE
2026-01-20,LINE-B01,SKU-1003,10596,135099.39,0.947,SYNTHETIC_GOERTEK_FIXTURE
2026-01-21,LINE-A01,,11572,160976.78,0.953,SYNTHETIC_GOERTEK_FIXTURE
2026-01-21,LINE-A02,SKU-1002,10715,149959.66,0.943,SYNTHETIC_GOERTEK_FIXTURE
2026-01-21,LINE-B01,SKU-1003,9351,,0.932,SYNTHETIC_GOERTEK_FIXTURE
2026-01-22,LINE-A01,SKU-1001,9068,136364.12,0.966,SYNTHETIC_GOERTEK_FIXTURE
2026-01-22,LINE-A02,SKU-1002,12273,180831.28,,SYNTHETIC_GOERTEK_FIXTURE
2026-01-22,LINE-B01,SKU-1003,9541,126851.8,0.942,SYNTHETIC_GOERTEK_FIXTURE
2026-01-25,LINE-A01,SKU-1001,9525,127492.11,0.969,SYNTHETIC_GOERTEK_FIXTURE
2026-01-25,,SKU-1002,12867,191258.06,0.955,SYNTHETIC_GOERTEK_FIXTURE
2026-01-25,LINE-B01,SKU-1003,11949,173318.52,0.969,SYNTHETIC_GOERTEK_FIXTURE
2026-01-26,LINE-A01,SKU-1001,11592,167628.31,,SYNTHETIC_GOERTEK_FIXTURE
2026-01-26,LINE-A02,SKU-1002,,157921.48,0.965,SYNTHETIC_GOERTEK_FIXTURE
2026-01-26,LINE-B01,SKU-1003,10555,143697.59,0.941,SYNTHETIC_GOERTEK_FIXTURE
2026-01-27,LINE-A01,SKU-1001,11578,145642.59,0.933,SYNTHETIC_GOERTEK_FIXTURE
2026-01-27,LINE-A02,SKU-1002,10064,140058.72,0.932,SYNTHETIC_GOERTEK_FIXTURE
2026-01-27,LINE-B01,SKU-1003,,172587.3,0.942,SYNTHETIC_GOERTEK_FIXTURE
2026-01-28,LINE-A01,SKU-1001,9835,131303.53,0.94,SYNTHETIC_GOERTEK_FIXTURE
2026-01-28,LINE-A02,SKU-1002,11364,163024.52,0.933,SYNTHETIC_GOERTEK_FIXTURE
2026-01-28,LINE-B01,,9351,127766.01,0.933,SYNTHETIC_GOERTEK_FIXTURE
2026-01-29,LINE-A01,SKU-1001,10037,145831.95,0.948,SYNTHETIC_GOERTEK_FIXTURE
2026-01-29,LINE-A02,SKU-1002,10664,,0.956,SYNTHETIC_GOERTEK_FIXTURE
2026-01-29,LINE-B01,SKU-1003,10851,162108.74,0.945,SYNTHETIC_GOERTEK_FIXTURE
