prod_date,line_code,process_step,shift,good_qty,input_qty,defect_qty,first_pass_qty,ideal_cycle_time,planned_time,actual_output,target_output,downtime_minutes,available_time,actual_run_time,status,data_label
2026-01-04,LINE-A01,assembly,morning,8261,8678,417,8160,0.043,480,8678,9000,30,450,420,production,SYNTHETIC_GOERTEK_FIXTURE_V2
2026-01-04,LINE-A02,assembly,afternoon,10744,11215,471,10620,0.037,480,11215,11500,20,460,440,production,SYNTHETIC_GOERTEK_FIXTURE_V2
2026-01-04,LINE-B01,assembly,night,8400,9000,600,8200,0.041,480,8800,9000,60,420,360,production,SYNTHETIC_GOERTEK_FIXTURE_V2
2026-01-05,LINE-A01,assembly,morning,8069,8388,319,7990,0.043,480,8388,9000,25,455,430,production,SYNTHETIC_GOERTEK_FIXTURE_V2
2026-01-05,LINE-A02,assembly,afternoon,9448,9956,508,9310,0.037,480,9956,11500,35,445,410,production,SYNTHETIC_GOERTEK_FIXTURE_V2
2026-01-05,LINE-B01,assembly,night,8097,8549,452,7950,0.041,480,8549,9000,45,435,390,production,SYNTHETIC_GOERTEK_FIXTURE_V2
2026-01-06,LINE-A01,assembly,morning,7819,8146,327,7730,0.043,480,8146,9000,40,440,400,production,SYNTHETIC_GOERTEK_FIXTURE_V2
2026-01-06,LINE-A02,assembly,afternoon,8944,9356,412,8830,0.037,480,9356,11500,30,450,420,production,SYNTHETIC_GOERTEK_FIXTURE_V2
2026-01-06,LINE-B01,assembly,night,7653,8211,558,7520,0.041,480,8211,9000,50,430,380,production,SYNTHETIC_GOERTEK_FIXTURE_V2
